{
  "timestamp": "2025-07-31T10:10:34.146215",
  "python_version": "3.13.5",
  "memory": {
    "total_gb": 31.9224853515625,
    "available_gb": 17.789531707763672,
    "usage_percent": 44.3
  },
  "disk": {
    "total_gb": 476.93749618530273,
    "free_gb": 15.597652435302734,
    "usage_percent": 96.72962336573289
  },
  "cpu_percent": 1.6,
  "system_platform": "win32"
}